<?xml version="1.0" encoding="UTF-8"?>
<Configuration>
    <Appenders>
        <Console name="STDOUT" target="SYSTEM_OUT">
            <PatternLayout pattern="%d %-5p %C{1} (%F:%L) - %m%n"/>
        </Console>
        <File name="fileLog" fileName="logs/vote.log">
        	
        </File>
    </Appenders>
    <Loggers>	
        <Logger name="com.zj" level="debug"/>
        <Logger name="org.apache.ibatis.logging.jdbc" level="debug"/>
        <Root level="debug">
            <AppenderRef ref="STDOUT"/>
        </Root>
    </Loggers>
</Configuration>