<?xml version="1.0" encoding="UTF-8"?>
<beans xmlns="http://www.springframework.org/schema/beans"
    xmlns:xsi="http://www.w3.org/2001/XMLSchema-instance"
    xmlns:lang="http://www.springframework.org/schema/lang"
    xmlns:util="http://www.springframework.org/schema/util " 
    xmlns:aop="http://www.springframework.org/schema/aop"
    xmlns:tx="http://www.springframework.org/schema/tx"
    xmlns:context="http://www.springframework.org/schema/context"
    xmlns:mvc="http://www.springframework.org/schema/mvc"
    xsi:schemaLocation="http://www.springframework.org/schema/beans
        http://www.springframework.org/schema/beans/spring-beans.xsd
        http://www.springframework.org/schema/lang
        http://www.springframework.org/schema/lang/spring-lang.xsd
        http://www.springframework.org/schema/util
        http://www.springframework.org/schema/util/spring-util-4.1.xsd
        http://www.springframework.org/schema/tx
 		http://www.springframework.org/schema/tx/spring-tx.xsd
        http://www.springframework.org/schema/aop 
        http://www.springframework.org/schema/aop/spring-aop.xsd
        http://www.springframework.org/schema/context
 		http://www.springframework.org/schema/context/spring-context.xsd
 		http://www.springframework.org/schema/mvc
        http://www.springframework.org/schema/mvc/spring-mvc.xsd">       
  <!-- 扫描注解 -->
   <context:component-scan base-package="com.zj"/>
  <!-- 引入外部的属性文件 -->
   <context:property-placeholder location="classpath:db.properties"/>
	
  <!-- 配置数据源 -->
  <bean id="dataSource" class="org.apache.commons.dbcp2.BasicDataSource">
  	<property name="driverClassName" value="oracle.jdbc.driver.OracleDriver" />
  	<property name="url" value="jdbc:oracle:thin:@localhost:1521:orcl" />
  	<property name="username" value="mybatis" />
  	<property name="password" value="a" />
  	<property name="initialSize" value="${jdbc.initialSize}"/>
	<property name="minIdle" value="${jdbc.minIdle}"/>
	<property name="maxTotal" value="${jdbc.maxTotal}"/>
  </bean>
  
  <!--创建SqlSsessionFactory对象  -->
  <bean id="sqlSessionFactory" class="org.mybatis.spring.SqlSessionFactoryBean">
  	 <property name="dataSource" ref="dataSource" />
  	 <property name="typeAliasesPackage" value="com.zj.ssm.entity"/>
  	 <property name="mapperLocations" value="classpath:mapper/*.xml"/> 
  </bean>
  
  <!-- 创建映射接口代理实现类对象，创建bean的 名称默认为映射接口为首字母大小写-->
  <bean class="org.mybatis.spring.mapper.MapperScannerConfigurer">
  		 <property name="basePackage" value="com.zj.My_manager.mapper"/>
  		<property name="sqlSessionFactoryBeanName" value="sqlSessionFactory"/>
  </bean>
  
  <!-- 请求拦截后，交给对应请求处理操作后，根据返回结果，拼接响应页面路径 
		prefix + 返回值  + suffix ==> /page/success.jsp
	-->
	<bean class="org.springframework.web.servlet.view.InternalResourceViewResolver">
		<property name="prefix" value="/page/"/>
		<property name="suffix" value=".jsp"/>
	</bean>
  
  	
  <!-- 默认静态资源的请求处理 -->
	<mvc:default-servlet-handler/>
	<!-- 控制器驱动处理
	包含：数据类型转化，数据格式化  数据的校验操作  -->
	<mvc:annotation-driven /> 
	

	
</beans>